run;dhw_lph_per_person;people_m2_per_person;gen_lighting_gain;computer_gain;Gas_MWh;Elec_MWh;Gas_kWh/m2;Elec_kWh/m2;Boilers_MWh;Chillers_MWh;Boilers_kWh/m2;Chillers_kWh/m2;CE_kgCO2/m2;UK_BER_kgCO2/m2;EUI_kWh/m2;Ta_max_degC;Boiler_max_kW;Chiller_max_kW;Interior_lighting_kWh/m2;Exterior_lighting_kWh/m2;Space_heating_(gas)_kWh/m2;Space_heating_(elec)_kWh/m2;Space_cooling_kWh/m2;Pumps_kWh/m2;Fans_interior_kWh/m2;DHW_heating_kWh/m2;Receptacle_equipment_kWh/m2;Elevators_escalators_kWh/m2;Data_center_equipment_kWh/m2;Cooking_(gas)_kWh/m2;Cooking_(elec)_kWh/m2;Refrigeration_kWh/m2;Wind_PV_kWh/m2;;;;;;;;;;;;;;;;;;;;;;;;;;;;;;;;;;;;;;;;;;;;
0;1.11;20.31;2.32;20;;;0.0;93.2;482.1;387.4;18.1;14.5;45.2;0.0;87.0;73.1;83.0;190.3;6.1;0.9;0.0;8.2;16.5;9.7;6.4;18.1;16.8;2.7;2.5;0.0;0.0;3.8;-6.1;;;;;;;;;;;;;;;;;;;;;;;;;;;;;;;;;;;;;;;;;;;;
1;1.11;20.31;2.32;14;;;0.0;89.0;482.1;367.4;18.1;13.8;43.0;0.0;82.9;72.9;83.0;189.0;6.1;0.9;0.0;8.8;15.7;9.7;6.4;18.1;12.8;2.7;2.5;0.0;0.0;3.8;-6.1;;;;;;;;;;;;;;;;;;;;;;;;;;;;;;;;;;;;;;;;;;;;
2;1.11;20.31;2.32;26;;;0.0;97.3;482.0;408.2;18.1;15.3;47.3;0.0;91.2;73.2;83.0;191.4;6.1;0.9;0.0;7.5;17.3;9.8;6.3;18.1;20.7;2.7;2.5;0.0;0.0;3.8;-6.1;;;;;;;;;;;;;;;;;;;;;;;;;;;;;;;;;;;;;;;;;;;;
3;1.11;20.31;1.62;20;;;0.0;91.9;482.1;380.7;18.1;14.3;44.5;0.0;85.7;73.0;83.0;189.6;4.9;0.9;0.0;8.4;16.2;9.7;6.4;18.1;16.8;2.7;2.5;0.0;0.0;3.8;-6.1;;;;;;;;;;;;;;;;;;;;;;;;;;;;;;;;;;;;;;;;;;;;
4;1.11;20.31;1.62;14;;;0.0;87.8;482.1;361.0;18.1;13.5;42.4;0.0;81.7;72.8;83.0;186.4;4.9;0.9;0.0;9.0;15.5;9.7;6.4;18.1;12.8;2.7;2.5;0.0;0.0;3.8;-6.1;;;;;;;;;;;;;;;;;;;;;;;;;;;;;;;;;;;;;;;;;;;;
5;1.11;20.31;1.62;26;;;0.0;96.0;482.1;401.4;18.1;15.1;46.7;0.0;89.9;73.1;83.0;190.8;4.9;0.9;0.0;7.7;17.0;9.8;6.3;18.1;20.7;2.7;2.5;0.0;0.0;3.8;-6.1;;;;;;;;;;;;;;;;;;;;;;;;;;;;;;;;;;;;;;;;;;;;
6;1.11;20.31;3.02;20;;;0.0;94.4;482.1;393.9;18.1;14.8;45.8;0.0;88.3;73.1;83.0;191.0;7.3;0.9;0.0;8.0;16.7;9.7;6.4;18.1;16.8;2.7;2.5;0.0;0.0;3.8;-6.1;;;;;;;;;;;;;;;;;;;;;;;;;;;;;;;;;;;;;;;;;;;;
7;1.11;20.31;3.02;14;;;0.0;90.3;482.1;373.8;18.1;14.0;43.7;0.0;84.2;73.0;83.0;190.0;7.3;0.9;0.0;8.6;15.9;9.7;6.4;18.1;12.8;2.7;2.5;0.0;0.0;3.8;-6.1;;;;;;;;;;;;;;;;;;;;;;;;;;;;;;;;;;;;;;;;;;;;
8;1.11;20.31;3.02;26;;;0.0;98.7;482.0;414.9;18.1;15.6;48.0;0.0;92.5;73.2;83.0;191.8;7.3;0.9;0.0;7.3;17.5;9.8;6.4;18.1;20.7;2.7;2.5;0.0;0.0;3.8;-6.1;;;;;;;;;;;;;;;;;;;;;;;;;;;;;;;;;;;;;;;;;;;;
9;1.11;14.22;2.32;20;;;0.0;101.7;688.3;440.0;25.8;16.5;49.6;0.0;95.6;73.5;118.5;192.6;6.1;0.9;0.0;6.7;18.5;9.8;6.4;25.8;16.8;2.7;2.5;0.0;0.0;3.8;-6.1;;;;;;;;;;;;;;;;;;;;;;;;;;;;;;;;;;;;;;;;;;;;
10;1.11;14.22;2.32;14;;;0.0;97.5;688.3;418.5;25.8;15.7;47.4;0.0;91.3;73.3;118.5;192.5;6.1;0.9;0.0;7.3;17.7;9.8;6.4;25.8;12.8;2.7;2.5;0.0;0.0;3.8;-6.1;;;;;;;;;;;;;;;;;;;;;;;;;;;;;;;;;;;;;;;;;;;;
11;1.11;14.22;2.32;26;;;0.0;106.1;688.3;462.1;25.8;17.3;51.9;0.0;100.0;73.6;118.5;192.3;6.1;0.9;0.0;6.2;19.4;9.8;6.4;25.8;20.7;2.7;2.5;0.0;0.0;3.8;-6.1;;;;;;;;;;;;;;;;;;;;;;;;;;;;;;;;;;;;;;;;;;;;
12;1.11;14.22;1.62;20;;;0.0;100.4;688.3;433.1;25.8;16.2;48.9;0.0;94.3;73.4;118.5;192.5;4.9;0.9;0.0;6.9;18.3;9.8;6.4;25.8;16.8;2.7;2.5;0.0;0.0;3.8;-6.1;;;;;;;;;;;;;;;;;;;;;;;;;;;;;;;;;;;;;;;;;;;;
13;1.11;14.22;1.62;14;;;0.0;96.1;688.3;411.6;25.8;15.4;46.7;0.0;90.0;73.3;118.5;192.6;4.9;0.9;0.0;7.5;17.4;9.8;6.4;25.8;12.8;2.7;2.5;0.0;0.0;3.8;-6.1;;;;;;;;;;;;;;;;;;;;;;;;;;;;;;;;;;;;;;;;;;;;
14;1.11;14.22;1.62;26;;;0.0;104.8;688.3;455.1;25.8;17.1;51.2;0.0;98.6;73.5;118.5;192.6;4.9;0.9;0.0;6.3;19.1;9.8;6.4;25.8;20.7;2.7;2.5;0.0;0.0;3.8;-6.1;;;;;;;;;;;;;;;;;;;;;;;;;;;;;;;;;;;;;;;;;;;;
15;1.11;14.22;3.02;20;;;0.0;103.1;688.3;447.0;25.8;16.8;50.3;0.0;96.9;73.5;118.5;192.4;7.3;0.9;0.0;6.6;18.8;9.8;6.4;25.8;16.8;2.7;2.5;0.0;0.0;3.8;-6.1;;;;;;;;;;;;;;;;;;;;;;;;;;;;;;;;;;;;;;;;;;;;
16;1.11;14.22;3.02;14;;;0.0;98.8;688.3;425.2;25.8;15.9;48.1;0.0;92.6;73.4;118.5;192.6;7.3;0.9;0.0;7.1;18.0;9.8;6.4;25.8;12.8;2.7;2.5;0.0;0.0;3.8;-6.1;;;;;;;;;;;;;;;;;;;;;;;;;;;;;;;;;;;;;;;;;;;;
17;1.11;14.22;3.02;26;;;0.0;107.5;688.3;469.2;25.8;17.6;52.6;0.0;101.3;73.6;118.5;192.6;7.3;0.9;0.0;6.0;19.7;9.8;6.4;25.8;20.7;2.7;2.5;0.0;0.0;3.8;-6.1;;;;;;;;;;;;;;;;;;;;;;;;;;;;;;;;;;;;;;;;;;;;
18;1.11;26.4;2.32;20;;;0.0;88.7;370.5;361.1;13.9;13.5;42.9;0.0;82.6;72.8;63.8;182.2;6.1;0.9;0.0;9.0;15.4;9.7;6.4;13.9;16.8;2.7;2.5;0.0;0.0;3.8;-6.1;;;;;;;;;;;;;;;;;;;;;;;;;;;;;;;;;;;;;;;;;;;;
19;1.11;26.4;2.32;14;;;0.0;84.7;370.6;342.4;13.9;12.8;40.8;0.0;78.6;72.7;63.8;178.7;6.1;0.9;0.0;9.7;14.7;9.7;6.4;13.9;12.8;2.7;2.5;0.0;0.0;3.8;-6.1;;;;;;;;;;;;;;;;;;;;;;;;;;;;;;;;;;;;;;;;;;;;
20;1.11;26.4;2.32;26;;;0.0;92.8;370.5;380.6;13.9;14.3;45.0;0.0;86.6;73.0;63.8;189.6;6.1;0.9;0.0;8.3;16.2;9.7;6.3;13.9;20.7;2.7;2.5;0.0;0.0;3.8;-6.1;;;;;;;;;;;;;;;;;;;;;;;;;;;;;;;;;;;;;;;;;;;;
21;1.11;26.4;1.62;20;;;0.0;87.5;370.5;355.0;13.9;13.3;42.2;0.0;81.3;72.8;63.8;180.2;4.9;0.9;0.0;9.2;15.2;9.7;6.4;13.9;16.8;2.7;2.5;0.0;0.0;3.8;-6.1;;;;;;;;;;;;;;;;;;;;;;;;;;;;;;;;;;;;;;;;;;;;
22;1.11;26.4;1.62;14;;;0.0;83.5;370.6;336.4;13.9;12.6;40.1;0.0;77.3;72.6;63.8;176.3;4.9;0.9;0.0;10.0;14.5;9.7;6.4;13.9;12.8;2.7;2.5;0.0;0.0;3.8;-6.1;;;;;;;;;;;;;;;;;;;;;;;;;;;;;;;;;;;;;;;;;;;;
23;1.11;26.4;1.62;26;;;0.0;91.5;370.5;374.1;13.9;14.0;44.3;0.0;85.4;72.9;63.8;186.6;4.9;0.9;0.0;8.5;15.9;9.7;6.3;13.9;20.7;2.7;2.5;0.0;0.0;3.8;-6.1;;;;;;;;;;;;;;;;;;;;;;;;;;;;;;;;;;;;;;;;;;;;
24;1.11;26.4;3.02;20;;;0.0;90.0;370.5;367.3;13.9;13.8;43.5;0.0;83.8;72.9;63.8;185.6;7.3;0.9;0.0;8.8;15.7;9.7;6.4;13.9;16.8;2.7;2.5;0.0;0.0;3.8;-6.1;;;;;;;;;;;;;;;;;;;;;;;;;;;;;;;;;;;;;;;;;;;;
25;1.11;26.4;3.02;14;;;0.0;85.9;370.6;348.3;13.9;13.1;41.4;0.0;79.8;72.7;63.8;181.9;7.3;0.9;0.0;9.5;14.9;9.7;6.4;13.9;12.8;2.7;2.5;0.0;0.0;3.8;-6.1;;;;;;;;;;;;;;;;;;;;;;;;;;;;;;;;;;;;;;;;;;;;
26;1.11;26.4;3.02;26;;;0.0;94.0;370.5;387.2;13.9;14.5;45.6;0.0;87.9;73.0;63.8;190.1;7.3;0.9;0.0;8.2;16.4;9.7;6.3;13.9;20.7;2.7;2.5;0.0;0.0;3.8;-6.1;;;;;;;;;;;;;;;;;;;;;;;;;;;;;;;;;;;;;;;;;;;;
27;0.78;20.31;2.32;20;;;0.0;87.8;338.8;387.4;12.7;14.5;42.4;0.0;81.7;73.1;58.3;190.3;6.1;0.9;0.0;8.2;16.5;9.7;6.4;12.7;16.8;2.7;2.5;0.0;0.0;3.8;-6.1;;;;;;;;;;;;;;;;;;;;;;;;;;;;;;;;;;;;;;;;;;;;
28;0.78;20.31;2.32;14;;;0.0;83.7;338.8;367.4;12.7;13.8;40.2;0.0;77.5;72.9;58.3;189.0;6.1;0.9;0.0;8.8;15.7;9.7;6.4;12.7;12.8;2.7;2.5;0.0;0.0;3.8;-6.1;;;;;;;;;;;;;;;;;;;;;;;;;;;;;;;;;;;;;;;;;;;;
29;0.78;20.31;2.32;26;;;0.0;92.0;338.8;408.2;12.7;15.3;44.6;0.0;85.8;73.2;58.3;191.4;6.1;0.9;0.0;7.5;17.3;9.8;6.3;12.7;20.7;2.7;2.5;0.0;0.0;3.8;-6.1;;;;;;;;;;;;;;;;;;;;;;;;;;;;;;;;;;;;;;;;;;;;
30;0.78;20.31;1.62;20;;;0.0;86.5;338.8;380.7;12.7;14.3;41.7;0.0;80.4;73.0;58.3;189.6;4.9;0.9;0.0;8.4;16.2;9.7;6.4;12.7;16.8;2.7;2.5;0.0;0.0;3.8;-6.1;;;;;;;;;;;;;;;;;;;;;;;;;;;;;;;;;;;;;;;;;;;;
31;0.78;20.31;1.62;14;;;0.0;82.4;338.8;361.0;12.7;13.5;39.6;0.0;76.3;72.8;58.3;186.4;4.9;0.9;0.0;9.0;15.5;9.7;6.4;12.7;12.8;2.7;2.5;0.0;0.0;3.8;-6.1;;;;;;;;;;;;;;;;;;;;;;;;;;;;;;;;;;;;;;;;;;;;
32;0.78;20.31;1.62;26;;;0.0;90.7;338.8;401.4;12.7;15.1;43.9;0.0;84.5;73.1;58.3;190.8;4.9;0.9;0.0;7.7;17.0;9.8;6.3;12.7;20.7;2.7;2.5;0.0;0.0;3.8;-6.1;;;;;;;;;;;;;;;;;;;;;;;;;;;;;;;;;;;;;;;;;;;;
33;0.78;20.31;3.02;20;;;0.0;89.1;338.8;393.9;12.7;14.8;43.0;0.0;82.9;73.1;58.3;191.0;7.3;0.9;0.0;8.0;16.7;9.7;6.4;12.7;16.8;2.7;2.5;0.0;0.0;3.8;-6.1;;;;;;;;;;;;;;;;;;;;;;;;;;;;;;;;;;;;;;;;;;;;
34;0.78;20.31;3.02;14;;;0.0;84.9;338.8;373.8;12.7;14.0;40.9;0.0;78.8;73.0;58.3;190.0;7.3;0.9;0.0;8.6;15.9;9.7;6.4;12.7;12.8;2.7;2.5;0.0;0.0;3.8;-6.1;;;;;;;;;;;;;;;;;;;;;;;;;;;;;;;;;;;;;;;;;;;;
35;0.78;20.31;3.02;26;;;0.0;93.3;338.8;414.9;12.7;15.6;45.2;0.0;87.2;73.2;58.3;191.8;7.3;0.9;0.0;7.3;17.5;9.8;6.4;12.7;20.7;2.7;2.5;0.0;0.0;3.8;-6.1;;;;;;;;;;;;;;;;;;;;;;;;;;;;;;;;;;;;;;;;;;;;
36;0.78;14.22;2.32;20;;;0.0;94.0;483.7;440.0;18.1;16.5;45.6;0.0;87.9;73.5;83.3;192.6;6.1;0.9;0.0;6.7;18.5;9.8;6.4;18.1;16.8;2.7;2.5;0.0;0.0;3.8;-6.1;;;;;;;;;;;;;;;;;;;;;;;;;;;;;;;;;;;;;;;;;;;;
37;0.78;14.22;2.32;14;;;0.0;89.8;483.7;418.5;18.1;15.7;43.4;0.0;83.6;73.3;83.3;192.5;6.1;0.9;0.0;7.3;17.7;9.8;6.4;18.1;12.8;2.7;2.5;0.0;0.0;3.8;-6.1;;;;;;;;;;;;;;;;;;;;;;;;;;;;;;;;;;;;;;;;;;;;
38;0.78;14.22;2.32;26;;;0.0;98.4;483.7;462.1;18.1;17.3;47.9;0.0;92.3;73.6;83.3;192.3;6.1;0.9;0.0;6.2;19.4;9.8;6.4;18.1;20.7;2.7;2.5;0.0;0.0;3.8;-6.1;;;;;;;;;;;;;;;;;;;;;;;;;;;;;;;;;;;;;;;;;;;;
39;0.78;14.22;1.62;20;;;0.0;92.7;483.7;433.1;18.1;16.2;44.9;0.0;86.6;73.4;83.3;192.5;4.9;0.9;0.0;6.9;18.3;9.8;6.4;18.1;16.8;2.7;2.5;0.0;0.0;3.8;-6.1;;;;;;;;;;;;;;;;;;;;;;;;;;;;;;;;;;;;;;;;;;;;
40;0.78;14.22;1.62;14;;;0.0;88.5;483.7;411.6;18.1;15.4;42.7;0.0;82.3;73.3;83.3;192.6;4.9;0.9;0.0;7.5;17.4;9.8;6.4;18.1;12.8;2.7;2.5;0.0;0.0;3.8;-6.1;;;;;;;;;;;;;;;;;;;;;;;;;;;;;;;;;;;;;;;;;;;;
41;0.78;14.22;1.62;26;;;0.0;97.1;483.7;455.1;18.1;17.1;47.2;0.0;91.0;73.5;83.3;192.6;4.9;0.9;0.0;6.3;19.1;9.8;6.4;18.1;20.7;2.7;2.5;0.0;0.0;3.8;-6.1;;;;;;;;;;;;;;;;;;;;;;;;;;;;;;;;;;;;;;;;;;;;
42;0.78;14.22;3.02;20;;;0.0;95.4;483.7;447.0;18.1;16.8;46.3;0.0;89.3;73.5;83.3;192.4;7.3;0.9;0.0;6.6;18.8;9.8;6.4;18.1;16.8;2.7;2.5;0.0;0.0;3.8;-6.1;;;;;;;;;;;;;;;;;;;;;;;;;;;;;;;;;;;;;;;;;;;;
43;0.78;14.22;3.02;14;;;0.0;91.1;483.7;425.2;18.1;15.9;44.1;0.0;85.0;73.4;83.3;192.6;7.3;0.9;0.0;7.1;18.0;9.8;6.4;18.1;12.8;2.7;2.5;0.0;0.0;3.8;-6.1;;;;;;;;;;;;;;;;;;;;;;;;;;;;;;;;;;;;;;;;;;;;
44;0.78;14.22;3.02;26;;;0.0;99.8;483.7;469.2;18.1;17.6;48.6;0.0;93.7;73.6;83.3;192.6;7.3;0.9;0.0;6.0;19.7;9.8;6.4;18.1;20.7;2.7;2.5;0.0;0.0;3.8;-6.1;;;;;;;;;;;;;;;;;;;;;;;;;;;;;;;;;;;;;;;;;;;;
45;0.78;26.4;2.32;20;;;0.0;84.6;260.4;361.1;9.8;13.5;40.7;0.0;78.4;72.8;44.8;182.2;6.1;0.9;0.0;9.0;15.4;9.7;6.4;9.8;16.8;2.7;2.5;0.0;0.0;3.8;-6.1;;;;;;;;;;;;;;;;;;;;;;;;;;;;;;;;;;;;;;;;;;;;
46;0.78;26.4;2.32;14;;;0.0;80.6;260.5;342.4;9.8;12.8;38.6;0.0;74.5;72.7;44.8;178.7;6.1;0.9;0.0;9.7;14.7;9.7;6.4;9.8;12.8;2.7;2.5;0.0;0.0;3.8;-6.1;;;;;;;;;;;;;;;;;;;;;;;;;;;;;;;;;;;;;;;;;;;;
47;0.78;26.4;2.32;26;;;0.0;88.6;260.4;380.6;9.8;14.3;42.8;0.0;82.5;73.0;44.8;189.6;6.1;0.9;0.0;8.3;16.2;9.7;6.3;9.8;20.7;2.7;2.5;0.0;0.0;3.8;-6.1;;;;;;;;;;;;;;;;;;;;;;;;;;;;;;;;;;;;;;;;;;;;
48;0.78;26.4;1.62;20;;;0.0;83.3;260.4;355.0;9.8;13.3;40.1;0.0;77.2;72.8;44.8;180.2;4.9;0.9;0.0;9.2;15.2;9.7;6.4;9.8;16.8;2.7;2.5;0.0;0.0;3.8;-6.1;;;;;;;;;;;;;;;;;;;;;;;;;;;;;;;;;;;;;;;;;;;;
49;0.78;26.4;1.62;14;;;0.0;79.4;260.5;336.4;9.8;12.6;38.0;0.0;73.2;72.6;44.8;176.3;4.9;0.9;0.0;10.0;14.5;9.7;6.4;9.8;12.8;2.7;2.5;0.0;0.0;3.8;-6.1;;;;;;;;;;;;;;;;;;;;;;;;;;;;;;;;;;;;;;;;;;;;
50;0.78;26.4;1.62;26;;;0.0;87.4;260.4;374.1;9.8;14.0;42.2;0.0;81.2;72.9;44.8;186.6;4.9;0.9;0.0;8.5;15.9;9.7;6.3;9.8;20.7;2.7;2.5;0.0;0.0;3.8;-6.1;;;;;;;;;;;;;;;;;;;;;;;;;;;;;;;;;;;;;;;;;;;;
51;0.78;26.4;3.02;20;;;0.0;85.8;260.4;367.3;9.8;13.8;41.4;0.0;79.7;72.9;44.8;185.6;7.3;0.9;0.0;8.8;15.7;9.7;6.4;9.8;16.8;2.7;2.5;0.0;0.0;3.8;-6.1;;;;;;;;;;;;;;;;;;;;;;;;;;;;;;;;;;;;;;;;;;;;
52;0.78;26.4;3.02;14;;;0.0;81.8;260.4;348.3;9.8;13.1;39.3;0.0;75.7;72.7;44.8;181.9;7.3;0.9;0.0;9.5;14.9;9.7;6.4;9.8;12.8;2.7;2.5;0.0;0.0;3.8;-6.1;;;;;;;;;;;;;;;;;;;;;;;;;;;;;;;;;;;;;;;;;;;;
53;0.78;26.4;3.02;26;;;0.0;89.9;260.4;387.2;9.8;14.5;43.5;0.0;83.8;73.0;44.8;190.1;7.3;0.9;0.0;8.2;16.4;9.7;6.3;9.8;20.7;2.7;2.5;0.0;0.0;3.8;-6.1;;;;;;;;;;;;;;;;;;;;;;;;;;;;;;;;;;;;;;;;;;;;
54;1.44;20.31;2.32;20;;;0.0;98.5;625.3;387.4;23.4;14.5;48.0;0.0;92.4;73.1;107.7;190.3;6.1;0.9;0.0;8.2;16.5;9.7;6.4;23.4;16.8;2.7;2.5;0.0;0.0;3.8;-6.1;;;;;;;;;;;;;;;;;;;;;;;;;;;;;;;;;;;;;;;;;;;;
55;1.44;20.31;2.32;14;;;0.0;94.4;625.3;367.4;23.4;13.8;45.8;0.0;88.3;72.9;107.7;189.0;6.1;0.9;0.0;8.8;15.7;9.7;6.4;23.4;12.8;2.7;2.5;0.0;0.0;3.8;-6.1;;;;;;;;;;;;;;;;;;;;;;;;;;;;;;;;;;;;;;;;;;;;
56;1.44;20.31;2.32;26;;;0.0;102.7;625.3;408.2;23.4;15.3;50.1;0.0;96.6;73.2;107.7;191.4;6.1;0.9;0.0;7.5;17.3;9.8;6.3;23.4;20.7;2.7;2.5;0.0;0.0;3.8;-6.1;;;;;;;;;;;;;;;;;;;;;;;;;;;;;;;;;;;;;;;;;;;;
57;1.44;20.31;1.62;20;;;0.0;97.2;625.3;380.7;23.4;14.3;47.3;0.0;91.1;73.0;107.7;189.6;4.9;0.9;0.0;8.4;16.2;9.7;6.4;23.4;16.8;2.7;2.5;0.0;0.0;3.8;-6.1;;;;;;;;;;;;;;;;;;;;;;;;;;;;;;;;;;;;;;;;;;;;
58;1.44;20.31;1.62;14;;;0.0;93.2;625.3;361.0;23.4;13.5;45.2;0.0;87.0;72.8;107.7;186.4;4.9;0.9;0.0;9.0;15.5;9.7;6.4;23.4;12.8;2.7;2.5;0.0;0.0;3.8;-6.1;;;;;;;;;;;;;;;;;;;;;;;;;;;;;;;;;;;;;;;;;;;;
59;1.44;20.31;1.62;26;;;0.0;101.4;625.3;401.4;23.4;15.1;49.5;0.0;95.3;73.1;107.7;190.8;4.9;0.9;0.0;7.7;17.0;9.8;6.3;23.4;20.7;2.7;2.5;0.0;0.0;3.8;-6.1;;;;;;;;;;;;;;;;;;;;;;;;;;;;;;;;;;;;;;;;;;;;
60;1.44;20.31;3.02;20;;;0.0;99.8;625.3;393.9;23.4;14.8;48.6;0.0;93.7;73.1;107.7;191.0;7.3;0.9;0.0;8.0;16.7;9.7;6.4;23.4;16.8;2.7;2.5;0.0;0.0;3.8;-6.1;;;;;;;;;;;;;;;;;;;;;;;;;;;;;;;;;;;;;;;;;;;;
61;1.44;20.31;3.02;14;;;0.0;95.7;625.3;373.8;23.4;14.0;46.5;0.0;89.5;73.0;107.7;190.0;7.3;0.9;0.0;8.6;15.9;9.7;6.4;23.4;12.8;2.7;2.5;0.0;0.0;3.8;-6.1;;;;;;;;;;;;;;;;;;;;;;;;;;;;;;;;;;;;;;;;;;;;
62;1.44;20.31;3.02;26;;;0.0;104.0;625.3;414.9;23.4;15.6;50.8;0.0;97.9;73.2;107.7;191.8;7.3;0.9;0.0;7.3;17.5;9.8;6.4;23.4;20.7;2.7;2.5;0.0;0.0;3.8;-6.1;;;;;;;;;;;;;;;;;;;;;;;;;;;;;;;;;;;;;;;;;;;;
63;1.44;14.22;2.32;20;;;0.0;109.4;892.9;440.0;33.5;16.5;53.6;0.0;103.3;73.5;153.8;192.6;6.1;0.9;0.0;6.7;18.5;9.8;6.4;33.5;16.8;2.7;2.5;0.0;0.0;3.8;-6.1;;;;;;;;;;;;;;;;;;;;;;;;;;;;;;;;;;;;;;;;;;;;
64;1.44;14.22;2.32;14;;;0.0;105.1;892.9;418.5;33.5;15.7;51.4;0.0;99.0;73.3;153.8;192.5;6.1;0.9;0.0;7.3;17.7;9.8;6.4;33.5;12.8;2.7;2.5;0.0;0.0;3.8;-6.1;;;;;;;;;;;;;;;;;;;;;;;;;;;;;;;;;;;;;;;;;;;;
65;1.44;14.22;2.32;26;;;0.0;113.8;892.9;462.1;33.5;17.3;55.9;0.0;107.6;73.6;153.8;192.3;6.1;0.9;0.0;6.2;19.4;9.8;6.4;33.5;20.7;2.7;2.5;0.0;0.0;3.8;-6.1;;;;;;;;;;;;;;;;;;;;;;;;;;;;;;;;;;;;;;;;;;;;
66;1.44;14.22;1.62;20;;;0.0;108.1;892.9;433.1;33.5;16.2;52.9;0.0;101.9;73.4;153.8;192.5;4.9;0.9;0.0;6.9;18.3;9.8;6.4;33.5;16.8;2.7;2.5;0.0;0.0;3.8;-6.1;;;;;;;;;;;;;;;;;;;;;;;;;;;;;;;;;;;;;;;;;;;;
67;1.44;14.22;1.62;14;;;0.0;103.8;892.9;411.6;33.5;15.4;50.7;0.0;97.7;73.3;153.8;192.6;4.9;0.9;0.0;7.5;17.4;9.8;6.4;33.5;12.8;2.7;2.5;0.0;0.0;3.8;-6.1;;;;;;;;;;;;;;;;;;;;;;;;;;;;;;;;;;;;;;;;;;;;
68;1.44;14.22;1.62;26;;;0.0;112.4;892.9;455.1;33.5;17.1;55.2;0.0;106.3;73.5;153.8;192.6;4.9;0.9;0.0;6.3;19.1;9.8;6.4;33.5;20.7;2.7;2.5;0.0;0.0;3.8;-6.1;;;;;;;;;;;;;;;;;;;;;;;;;;;;;;;;;;;;;;;;;;;;
69;1.44;14.22;3.02;20;;;0.0;110.7;892.9;447.0;33.5;16.8;54.3;0.0;104.6;73.5;153.8;192.4;7.3;0.9;0.0;6.6;18.8;9.8;6.4;33.5;16.8;2.7;2.5;0.0;0.0;3.8;-6.1;;;;;;;;;;;;;;;;;;;;;;;;;;;;;;;;;;;;;;;;;;;;
70;1.44;14.22;3.02;14;;;0.0;106.4;892.9;425.2;33.5;15.9;52.0;0.0;100.3;73.4;153.8;192.6;7.3;0.9;0.0;7.1;18.0;9.8;6.4;33.5;12.8;2.7;2.5;0.0;0.0;3.8;-6.1;;;;;;;;;;;;;;;;;;;;;;;;;;;;;;;;;;;;;;;;;;;;
71;1.44;14.22;3.02;26;;;0.0;115.1;892.9;469.2;33.5;17.6;56.6;0.0;109.0;73.6;153.8;192.6;7.3;0.9;0.0;6.0;19.7;9.8;6.4;33.5;20.7;2.7;2.5;0.0;0.0;3.8;-6.1;;;;;;;;;;;;;;;;;;;;;;;;;;;;;;;;;;;;;;;;;;;;
72;1.44;26.4;2.32;20;;;0.0;92.8;480.7;361.1;18.0;13.5;45.0;0.0;86.7;72.8;82.7;182.2;6.1;0.9;0.0;9.0;15.4;9.7;6.4;18.0;16.8;2.7;2.5;0.0;0.0;3.8;-6.1;;;;;;;;;;;;;;;;;;;;;;;;;;;;;;;;;;;;;;;;;;;;
73;1.44;26.4;2.32;14;;;0.0;88.8;480.7;342.4;18.0;12.8;42.9;0.0;82.7;72.7;82.7;178.7;6.1;0.9;0.0;9.7;14.7;9.7;6.4;18.0;12.8;2.7;2.5;0.0;0.0;3.8;-6.1;;;;;;;;;;;;;;;;;;;;;;;;;;;;;;;;;;;;;;;;;;;;
74;1.44;26.4;2.32;26;;;0.0;96.9;480.7;380.6;18.0;14.3;47.1;0.0;90.8;73.0;82.7;189.6;6.1;0.9;0.0;8.3;16.2;9.7;6.3;18.0;20.7;2.7;2.5;0.0;0.0;3.8;-6.1;;;;;;;;;;;;;;;;;;;;;;;;;;;;;;;;;;;;;;;;;;;;
75;1.44;26.4;1.62;20;;;0.0;91.6;480.7;355.0;18.0;13.3;44.4;0.0;85.5;72.8;82.7;180.2;4.9;0.9;0.0;9.2;15.2;9.7;6.4;18.0;16.8;2.7;2.5;0.0;0.0;3.8;-6.1;;;;;;;;;;;;;;;;;;;;;;;;;;;;;;;;;;;;;;;;;;;;
76;1.44;26.4;1.62;14;;;0.0;87.6;480.7;336.4;18.0;12.6;42.3;0.0;81.5;72.6;82.7;176.3;4.9;0.9;0.0;10.0;14.5;9.7;6.4;18.0;12.8;2.7;2.5;0.0;0.0;3.8;-6.1;;;;;;;;;;;;;;;;;;;;;;;;;;;;;;;;;;;;;;;;;;;;
77;1.44;26.4;1.62;26;;;0.0;95.6;480.7;374.1;18.0;14.0;46.5;0.0;89.5;72.9;82.7;186.6;4.9;0.9;0.0;8.5;15.9;9.7;6.3;18.0;20.7;2.7;2.5;0.0;0.0;3.8;-6.1;;;;;;;;;;;;;;;;;;;;;;;;;;;;;;;;;;;;;;;;;;;;
78;1.44;26.4;3.02;20;;;0.0;94.1;480.7;367.3;18.0;13.8;45.7;0.0;88.0;72.9;82.7;185.6;7.3;0.9;0.0;8.8;15.7;9.7;6.4;18.0;16.8;2.7;2.5;0.0;0.0;3.8;-6.1;;;;;;;;;;;;;;;;;;;;;;;;;;;;;;;;;;;;;;;;;;;;
79;1.44;26.4;3.02;14;;;0.0;90.1;480.7;348.3;18.0;13.1;43.6;0.0;83.9;72.7;82.7;181.9;7.3;0.9;0.0;9.5;14.9;9.7;6.4;18.0;12.8;2.7;2.5;0.0;0.0;3.8;-6.1;;;;;;;;;;;;;;;;;;;;;;;;;;;;;;;;;;;;;;;;;;;;
80;1.44;26.4;3.02;26;;;0.0;98.2;480.7;387.2;18.0;14.5;47.8;0.0;92.1;73.0;82.7;190.1;7.3;0.9;0.0;8.2;16.4;9.7;6.3;18.0;20.7;2.7;2.5;0.0;0.0;3.8;-6.1;;;;;;;;;;;;;;;;;;;;;;;;;;;;;;;;;;;;;;;;;;;;
;;;;;;;;;;;;;;;;;;;;;;;;;;;;;;;;;;;;;;;;;;;;;;;;;;;;;;;;;;;;;;;;;;;;;;;;;;;;;
;;;;;;;;;;;;;;;;;;;;;;;;;;;;;;;;;;;;;;;;;;;;;;;;;;;;;;;;;;;;;;;;;;;;;;;;;;;;;
;;;;;;;;;;;;;;;;;;;;;;;;;;;;;;;;;;;;;;;;;;;;;;;;;;;;;;;;;;;;;;;;;;;;;;;;;;;;;
;;;;;;;;;;;;;;;;;;;;;;;;;;;;;;;;;;;;;;;;;;;;;;;;;;;;;;;;;;;;;;;;;;;;;;;;;;;;;
;;;;;;;;;;;;;;;;;;;;;;;;;;;;;;;;;;;;;;;;;;;;;;;;;;;;;;;;;;;;;;;;;;;;;;;;;;;;;
;;;;;;;;;;;;;;;;;;;;;;;;;;;;;;;;;;;;;;;;;;;;;;;;;;;;;;;;;;;;;;;;;;;;;;;;;;;;;
;;;;;;;;;;;;;;;;;;;;;;;;;;;;;;;;;;;;;;;;;;;;;;;;;;;;;;;;;;;;;;;;;;;;;;;;;;;;;
;;;;;;;;;;;;;;;;;;;;;;;;;;;;;;;;;;;;;;;;;;;;;;;;;;;;;;;;;;;;;;;;;;;;;;;;;;;;;
;;;;;;;;;;;;;;;;;;;;;;;;;;;;;;;;;;;;;;;;;;;;;;;;;;;;;;;;;;;;;;;;;;;;;;;;;;;;;
;;;;;;;;;;;;;;;;;;;;;;;;;;;;;;;;;;;;;;;;;;;;;;;;;;;;;;;;;;;;;;;;;;;;;;;;;;;;;
;;;;;;;;;;;;;;;;;;;;;;;;;;;;;;;;;;;;;;;;;;;;;;;;;;;;;;;;;;;;;;;;;;;;;;;;;;;;;
;;;;;;;;;;;;;;;;;;;;;;;;;;;;;;;;;;;;;;;;;;;;;;;;;;;;;;;;;;;;;;;;;;;;;;;;;;;;;
;;;;;;;;;;;;;;;;;;;;;;;;;;;;;;;;;;;;;;;;;;;;;;;;;;;;;;;;;;;;;;;;;;;;;;;;;;;;;
;;;;;;;;;;;;;;;;;;;;;;;;;;;;;;;;;;;;;;;;;;;;;;;;;;;;;;;;;;;;;;;;;;;;;;;;;;;;;
;;;;;;;;;;;;;;;;;;;;;;;;;;;;;;;;;;;;;;;;;;;;;;;;;;;;;;;;;;;;;;;;;;;;;;;;;;;;;
;;;;;;;;;;;;;;;;;;;;;;;;;;;;;;;;;;;;;;;;;;;;;;;;;;;;;;;;;;;;;;;;;;;;;;;;;;;;;
;;;;;;;;;;;;;;;;;;;;;;;;;;;;;;;;;;;;;;;;;;;;;;;;;;;;;;;;;;;;;;;;;;;;;;;;;;;;;
;;;;;;;;;;;;;;;;;;;;;;;;;;;;;;;;;;;;;;;;;;;;;;;;;;;;;;;;;;;;;;;;;;;;;;;;;;;;;
;;;;;;;;;;;;;;;;;;;;;;;;;;;;;;;;;;;;;;;;;;;;;;;;;;;;;;;;;;;;;;;;;;;;;;;;;;;;;
;;;;;;;;;;;;;;;;;;;;;;;;;;;;;;;;;;;;;;;;;;;;;;;;;;;;;;;;;;;;;;;;;;;;;;;;;;;;;
;;;;;;;;;;;;;;;;;;;;;;;;;;;;;;;;;;;;;;;;;;;;;;;;;;;;;;;;;;;;;;;;;;;;;;;;;;;;;
;;;;;;;;;;;;;;;;;;;;;;;;;;;;;;;;;;;;;;;;;;;;;;;;;;;;;;;;;;;;;;;;;;;;;;;;;;;;;
;;;;;;;;;;;;;;;;;;;;;;;;;;;;;;;;;;;;;;;;;;;;;;;;;;;;;;;;;;;;;;;;;;;;;;;;;;;;;
;;;;;;;;;;;;;;;;;;;;;;;;;;;;;;;;;;;;;;;;;;;;;;;;;;;;;;;;;;;;;;;;;;;;;;;;;;;;;
;;;;;;;;;;;;;;;;;;;;;;;;;;;;;;;;;;;;;;;;;;;;;;;;;;;;;;;;;;;;;;;;;;;;;;;;;;;;;
;;;;;;;;;;;;;;;;;;;;;;;;;;;;;;;;;;;;;;;;;;;;;;;;;;;;;;;;;;;;;;;;;;;;;;;;;;;;;
;;;;;;;;;;;;;;;;;;;;;;;;;;;;;;;;;;;;;;;;;;;;;;;;;;;;;;;;;;;;;;;;;;;;;;;;;;;;;
;;;;;;;;;;;;;;;;;;;;;;;;;;;;;;;;;;;;;;;;;;;;;;;;;;;;;;;;;;;;;;;;;;;;;;;;;;;;;
;;;;;;;;;;;;;;;;;;;;;;;;;;;;;;;;;;;;;;;;;;;;;;;;;;;;;;;;;;;;;;;;;;;;;;;;;;;;;
;;;;;;;;;;;;;;;;;;;;;;;;;;;;;;;;;;;;;;;;;;;;;;;;;;;;;;;;;;;;;;;;;;;;;;;;;;;;;
;;;;;;;;;;;;;;;;;;;;;;;;;;;;;;;;;;;;;;;;;;;;;;;;;;;;;;;;;;;;;;;;;;;;;;;;;;;;;
;;;;;;;;;;;;;;;;;;;;;;;;;;;;;;;;;;;;;;;;;;;;;;;;;;;;;;;;;;;;;;;;;;;;;;;;;;;;;
;;;;;;;;;;;;;;;;;;;;;;;;;;;;;;;;;;;;;;;;;;;;;;;;;;;;;;;;;;;;;;;;;;;;;;;;;;;;;
;;;;;;;;;;;;;;;;;;;;;;;;;;;;;;;;;;;;;;;;;;;;;;;;;;;;;;;;;;;;;;;;;;;;;;;;;;;;;
;;;;;;;;;;;;;;;;;;;;;;;;;;;;;;;;;;;;;;;;;;;;;;;;;;;;;;;;;;;;;;;;;;;;;;;;;;;;;
;;;;;;;;;;;;;;;;;;;;;;;;;;;;;;;;;;;;;;;;;;;;;;;;;;;;;;;;;;;;;;;;;;;;;;;;;;;;;
;;;;;;;;;;;;;;;;;;;;;;;;;;;;;;;;;;;;;;;;;;;;;;;;;;;;;;;;;;;;;;;;;;;;;;;;;;;;;
;;;;;;;;;;;;;;;;;;;;;;;;;;;;;;;;;;;;;;;;;;;;;;;;;;;;;;;;;;;;;;;;;;;;;;;;;;;;;
;;;;;;;;;;;;;;;;;;;;;;;;;;;;;;;;;;;;;;;;;;;;;;;;;;;;;;;;;;;;;;;;;;;;;;;;;;;;;
;;;;;;;;;;;;;;;;;;;;;;;;;;;;;;;;;;;;;;;;;;;;;;;;;;;;;;;;;;;;;;;;;;;;;;;;;;;;;
;;;;;;;;;;;;;;;;;;;;;;;;;;;;;;;;;;;;;;;;;;;;;;;;;;;;;;;;;;;;;;;;;;;;;;;;;;;;;
;;;;;;;;;;;;;;;;;;;;;;;;;;;;;;;;;;;;;;;;;;;;;;;;;;;;;;;;;;;;;;;;;;;;;;;;;;;;;
;;;;;;;;;;;;;;;;;;;;;;;;;;;;;;;;;;;;;;;;;;;;;;;;;;;;;;;;;;;;;;;;;;;;;;;;;;;;;
;;;;;;;;;;;;;;;;;;;;;;;;;;;;;;;;;;;;;;;;;;;;;;;;;;;;;;;;;;;;;;;;;;;;;;;;;;;;;
;;;;;;;;;;;;;;;;;;;;;;;;;;;;;;;;;;;;;;;;;;;;;;;;;;;;;;;;;;;;;;;;;;;;;;;;;;;;;
;;;;;;;;;;;;;;;;;;;;;;;;;;;;;;;;;;;;;;;;;;;;;;;;;;;;;;;;;;;;;;;;;;;;;;;;;;;;;
;;;;;;;;;;;;;;;;;;;;;;;;;;;;;;;;;;;;;;;;;;;;;;;;;;;;;;;;;;;;;;;;;;;;;;;;;;;;;
;;;;;;;;;;;;;;;;;;;;;;;;;;;;;;;;;;;;;;;;;;;;;;;;;;;;;;;;;;;;;;;;;;;;;;;;;;;;;
;;;;;;;;;;;;;;;;;;;;;;;;;;;;;;;;;;;;;;;;;;;;;;;;;;;;;;;;;;;;;;;;;;;;;;;;;;;;;
;;;;;;;;;;;;;;;;;;;;;;;;;;;;;;;;;;;;;;;;;;;;;;;;;;;;;;;;;;;;;;;;;;;;;;;;;;;;;
;;;;;;;;;;;;;;;;;;;;;;;;;;;;;;;;;;;;;;;;;;;;;;;;;;;;;;;;;;;;;;;;;;;;;;;;;;;;;
;;;;;;;;;;;;;;;;;;;;;;;;;;;;;;;;;;;;;;;;;;;;;;;;;;;;;;;;;;;;;;;;;;;;;;;;;;;;;
;;;;;;;;;;;;;;;;;;;;;;;;;;;;;;;;;;;;;;;;;;;;;;;;;;;;;;;;;;;;;;;;;;;;;;;;;;;;;
;;;;;;;;;;;;;;;;;;;;;;;;;;;;;;;;;;;;;;;;;;;;;;;;;;;;;;;;;;;;;;;;;;;;;;;;;;;;;
;;;;;;;;;;;;;;;;;;;;;;;;;;;;;;;;;;;;;;;;;;;;;;;;;;;;;;;;;;;;;;;;;;;;;;;;;;;;;
;;;;;;;;;;;;;;;;;;;;;;;;;;;;;;;;;;;;;;;;;;;;;;;;;;;;;;;;;;;;;;;;;;;;;;;;;;;;;
;;;;;;;;;;;;;;;;;;;;;;;;;;;;;;;;;;;;;;;;;;;;;;;;;;;;;;;;;;;;;;;;;;;;;;;;;;;;;
;;;;;;;;;;;;;;;;;;;;;;;;;;;;;;;;;;;;;;;;;;;;;;;;;;;;;;;;;;;;;;;;;;;;;;;;;;;;;
;;;;;;;;;;;;;;;;;;;;;;;;;;;;;;;;;;;;;;;;;;;;;;;;;;;;;;;;;;;;;;;;;;;;;;;;;;;;;
;;;;;;;;;;;;;;;;;;;;;;;;;;;;;;;;;;;;;;;;;;;;;;;;;;;;;;;;;;;;;;;;;;;;;;;;;;;;;
;;;;;;;;;;;;;;;;;;;;;;;;;;;;;;;;;;;;;;;;;;;;;;;;;;;;;;;;;;;;;;;;;;;;;;;;;;;;;
;;;;;;;;;;;;;;;;;;;;;;;;;;;;;;;;;;;;;;;;;;;;;;;;;;;;;;;;;;;;;;;;;;;;;;;;;;;;;
;;;;;;;;;;;;;;;;;;;;;;;;;;;;;;;;;;;;;;;;;;;;;;;;;;;;;;;;;;;;;;;;;;;;;;;;;;;;;
;;;;;;;;;;;;;;;;;;;;;;;;;;;;;;;;;;;;;;;;;;;;;;;;;;;;;;;;;;;;;;;;;;;;;;;;;;;;;
;;;;;;;;;;;;;;;;;;;;;;;;;;;;;;;;;;;;;;;;;;;;;;;;;;;;;;;;;;;;;;;;;;;;;;;;;;;;;
;;;;;;;;;;;;;;;;;;;;;;;;;;;;;;;;;;;;;;;;;;;;;;;;;;;;;;;;;;;;;;;;;;;;;;;;;;;;;
;;;;;;;;;;;;;;;;;;;;;;;;;;;;;;;;;;;;;;;;;;;;;;;;;;;;;;;;;;;;;;;;;;;;;;;;;;;;;
;;;;;;;;;;;;;;;;;;;;;;;;;;;;;;;;;;;;;;;;;;;;;;;;;;;;;;;;;;;;;;;;;;;;;;;;;;;;;
;;;;;;;;;;;;;;;;;;;;;;;;;;;;;;;;;;;;;;;;;;;;;;;;;;;;;;;;;;;;;;;;;;;;;;;;;;;;;
;;;;;;;;;;;;;;;;;;;;;;;;;;;;;;;;;;;;;;;;;;;;;;;;;;;;;;;;;;;;;;;;;;;;;;;;;;;;;
;;;;;;;;;;;;;;;;;;;;;;;;;;;;;;;;;;;;;;;;;;;;;;;;;;;;;;;;;;;;;;;;;;;;;;;;;;;;;
;;;;;;;;;;;;;;;;;;;;;;;;;;;;;;;;;;;;;;;;;;;;;;;;;;;;;;;;;;;;;;;;;;;;;;;;;;;;;
;;;;;;;;;;;;;;;;;;;;;;;;;;;;;;;;;;;;;;;;;;;;;;;;;;;;;;;;;;;;;;;;;;;;;;;;;;;;;
;;;;;;;;;;;;;;;;;;;;;;;;;;;;;;;;;;;;;;;;;;;;;;;;;;;;;;;;;;;;;;;;;;;;;;;;;;;;;
;;;;;;;;;;;;;;;;;;;;;;;;;;;;;;;;;;;;;;;;;;;;;;;;;;;;;;;;;;;;;;;;;;;;;;;;;;;;;
;;;;;;;;;;;;;;;;;;;;;;;;;;;;;;;;;;;;;;;;;;;;;;;;;;;;;;;;;;;;;;;;;;;;;;;;;;;;;
;;;;;;;;;;;;;;;;;;;;;;;;;;;;;;;;;;;;;;;;;;;;;;;;;;;;;;;;;;;;;;;;;;;;;;;;;;;;;
;;;;;;;;;;;;;;;;;;;;;;;;;;;;;;;;;;;;;;;;;;;;;;;;;;;;;;;;;;;;;;;;;;;;;;;;;;;;;
;;;;;;;;;;;;;;;;;;;;;;;;;;;;;;;;;;;;;;;;;;;;;;;;;;;;;;;;;;;;;;;;;;;;;;;;;;;;;
;;;;;;;;;;;;;;;;;;;;;;;;;;;;;;;;;;;;;;;;;;;;;;;;;;;;;;;;;;;;;;;;;;;;;;;;;;;;;
;;;;;;;;;;;;;;;;;;;;;;;;;;;;;;;;;;;;;;;;;;;;;;;;;;;;;;;;;;;;;;;;;;;;;;;;;;;;;
;;;;;;;;;;;;;;;;;;;;;;;;;;;;;;;;;;;;;;;;;;;;;;;;;;;;;;;;;;;;;;;;;;;;;;;;;;;;;
;;;;;;;;;;;;;;;;;;;;;;;;;;;;;;;;;;;;;;;;;;;;;;;;;;;;;;;;;;;;;;;;;;;;;;;;;;;;;
;;;;;;;;;;;;;;;;;;;;;;;;;;;;;;;;;;;;;;;;;;;;;;;;;;;;;;;;;;;;;;;;;;;;;;;;;;;;;
;;;;;;;;;;;;;;;;;;;;;;;;;;;;;;;;;;;;;;;;;;;;;;;;;;;;;;;;;;;;;;;;;;;;;;;;;;;;;
;;;;;;;;;;;;;;;;;;;;;;;;;;;;;;;;;;;;;;;;;;;;;;;;;;;;;;;;;;;;;;;;;;;;;;;;;;;;;
