run,dhw_lph_per_person,people_m2_per_person,gen_lighting_gain,computer_gain,Gas_MWh,Elec_MWh,Gas_kWh/m2,Elec_kWh/m2,Boilers_MWh,Chillers_MWh,Boilers_kWh/m2,Chillers_kWh/m2,CE_kgCO2/m2,UK_BER_kgCO2/m2,EUI_kWh/m2,Ta_max_degC,Boiler_max_kW,Chiller_max_kW,Interior_lighting_kWh/m2,Exterior_lighting_kWh/m2,Space_heating_(gas)_kWh/m2,Space_heating_(elec)_kWh/m2,Space_cooling_kWh/m2,Pumps_kWh/m2,Fans_interior_kWh/m2,DHW_heating_kWh/m2,Receptacle_equipment_kWh/m2,Elevators_escalators_kWh/m2,Data_center_equipment_kWh/m2,Cooking_(gas)_kWh/m2,Cooking_(elec)_kWh/m2,Refrigeration_kWh/m2,Wind_PV_kWh/m2
0,1.11,20.31,Lighting1,Equipment1,0.0,1672.49,0.0,62.7,324.45,260.72,12.16,9.77,30.4,0.0,58.57,49.16999816894531,55.86,128.07,4.1,0.6,0.0,5.49,11.08,6.56,4.3,12.16,11.28,1.79,1.66,0.0,0.0,2.57,-4.13
1,1.11,20.31,Lighting1,Equipment2,0.0,1598.62,0.0,59.93,324.45,247.27,12.16,9.27,28.96,0.0,55.8,49.06999969482422,55.86,127.21,4.1,0.6,0.0,5.95,10.57,6.54,4.33,12.16,8.6,1.79,1.66,0.0,0.0,2.57,-4.13
2,1.11,20.31,Lighting1,Equipment3,0.0,1747.76,0.0,65.52,324.44,274.76,12.16,10.3,31.86,0.0,61.4,49.2599983215332,55.86,128.8,4.1,0.6,0.0,5.07,11.63,6.57,4.27,12.16,13.96,1.79,1.66,0.0,0.0,2.57,-4.13
3,1.11,20.31,Lighting2,Equipment1,0.0,1649.49,0.0,61.84,324.45,256.26,12.16,9.61,29.95,0.0,57.71,49.130001068115234,55.86,127.58,3.29,0.6,0.0,5.63,10.91,6.55,4.3,12.16,11.28,1.79,1.66,0.0,0.0,2.57,-4.13
4,1.11,20.31,Lighting2,Equipment2,0.0,1576.16,0.0,59.09,324.46,242.96,12.16,9.11,28.53,0.0,54.96,49.029998779296875,55.86,125.48,3.29,0.6,0.0,6.09,10.4,6.54,4.33,12.16,8.6,1.79,1.66,0.0,0.0,2.57,-4.13
5,1.11,20.31,Lighting2,Equipment3,0.0,1724.37,0.0,64.64,324.45,270.15,12.16,10.13,31.41,0.0,60.52,49.22999954223633,55.86,128.42,3.29,0.6,0.0,5.19,11.45,6.57,4.27,12.16,13.96,1.79,1.66,0.0,0.0,2.57,-4.13
6,1.11,20.31,Lighting3,Equipment1,0.0,1695.53,0.0,63.56,324.45,265.15,12.16,9.94,30.85,0.0,59.44,49.20000076293945,55.86,128.55,4.91,0.6,0.0,5.36,11.25,6.56,4.3,12.16,11.28,1.79,1.66,0.0,0.0,2.57,-4.13
7,1.11,20.31,Lighting3,Equipment2,0.0,1621.26,0.0,60.78,324.45,251.6,12.16,9.43,29.4,0.0,56.65,49.099998474121094,55.86,127.88,4.91,0.6,0.0,5.81,10.73,6.55,4.33,12.16,8.6,1.79,1.66,0.0,0.0,2.57,-4.13
8,1.11,20.31,Lighting3,Equipment3,0.0,1771.13,0.0,66.4,324.44,279.26,12.16,10.47,32.32,0.0,62.27,49.290000915527344,55.86,129.11,4.91,0.6,0.0,4.94,11.8,6.58,4.28,12.16,13.96,1.79,1.66,0.0,0.0,2.57,-4.13
9,1.11,14.22,Lighting1,Equipment1,0.0,1826.36,0.0,68.47,463.26,296.12,17.37,11.1,33.39,0.0,64.34,49.439998626708984,79.77,129.63,4.1,0.6,0.0,4.53,12.48,6.59,4.31,17.36,11.28,1.79,1.66,0.0,0.0,2.57,-4.13
10,1.11,14.22,Lighting1,Equipment2,0.0,1749.56,0.0,65.59,463.26,281.7,17.37,10.56,31.9,0.0,61.46,49.34000015258789,79.77,129.59,4.1,0.6,0.0,4.92,11.92,6.58,4.33,17.36,8.6,1.79,1.66,0.0,0.0,2.57,-4.13
11,1.11,14.22,Lighting1,Equipment3,0.0,1904.92,0.0,71.41,463.26,311.03,17.37,11.66,34.92,0.0,67.29,49.540000915527344,79.77,129.45,4.1,0.6,0.0,4.16,13.05,6.61,4.31,17.36,13.96,1.79,1.66,0.0,0.0,2.57,-4.13
12,1.11,14.22,Lighting2,Equipment1,0.0,1802.54,0.0,67.57,463.26,291.52,17.37,10.93,32.93,0.0,63.45,49.40999984741211,79.77,129.57,3.29,0.6,0.0,4.64,12.3,6.59,4.31,17.36,11.28,1.79,1.66,0.0,0.0,2.57,-4.13
13,1.11,14.22,Lighting2,Equipment2,0.0,1726.05,0.0,64.71,463.27,277.05,17.37,10.39,31.44,0.0,60.58,49.310001373291016,79.77,129.61,3.29,0.6,0.0,5.05,11.74,6.57,4.33,17.36,8.6,1.79,1.66,0.0,0.0,2.57,-4.13
14,1.11,14.22,Lighting2,Equipment3,0.0,1880.77,0.0,70.51,463.26,306.34,17.37,11.48,34.45,0.0,66.38,49.5,79.77,129.64,3.29,0.6,0.0,4.27,12.87,6.61,4.31,17.36,13.96,1.79,1.66,0.0,0.0,2.57,-4.13
15,1.11,14.22,Lighting3,Equipment1,0.0,1850.48,0.0,69.37,463.26,300.88,17.37,11.28,33.86,0.0,65.25,49.470001220703125,79.77,129.47,4.91,0.6,0.0,4.42,12.66,6.6,4.32,17.36,11.28,1.79,1.66,0.0,0.0,2.57,-4.13
16,1.11,14.22,Lighting3,Equipment2,0.0,1772.99,0.0,66.47,463.26,286.2,17.37,10.73,32.36,0.0,62.34,49.380001068115234,79.77,129.62,4.91,0.6,0.0,4.8,12.1,6.58,4.33,17.36,8.6,1.79,1.66,0.0,0.0,2.57,-4.13
17,1.11,14.22,Lighting3,Equipment3,0.0,1929.38,0.0,72.33,463.26,315.78,17.37,11.84,35.4,0.0,68.2,49.56999969482422,79.77,129.65,4.91,0.6,0.0,4.06,13.23,6.62,4.32,17.36,13.96,1.79,1.66,0.0,0.0,2.57,-4.13
18,1.11,26.4,Lighting1,Equipment1,0.0,1592.67,0.0,59.71,249.4,243.01,9.35,9.11,28.85,0.0,55.58,49.02000045776367,42.93,122.62,4.1,0.6,0.0,6.07,10.39,6.54,4.31,9.35,11.28,1.79,1.66,0.0,0.0,2.57,-4.13
19,1.11,26.4,Lighting1,Equipment2,0.0,1520.88,0.0,57.02,249.41,230.48,9.35,8.64,27.45,0.0,52.89,48.91999816894531,42.93,120.25,4.1,0.6,0.0,6.56,9.9,6.52,4.34,9.35,8.6,1.79,1.66,0.0,0.0,2.57,-4.13
20,1.11,26.4,Lighting1,Equipment3,0.0,1665.6,0.0,62.44,249.4,256.15,9.35,9.6,30.27,0.0,58.32,49.11000061035156,42.93,127.61,4.1,0.6,0.0,5.62,10.89,6.55,4.26,9.35,13.96,1.79,1.66,0.0,0.0,2.57,-4.13
21,1.11,26.4,Lighting2,Equipment1,0.0,1570.43,0.0,58.87,249.4,238.94,9.35,8.96,28.41,0.0,54.75,48.97999954223633,42.93,121.29,3.29,0.6,0.0,6.22,10.23,6.53,4.31,9.35,11.28,1.79,1.66,0.0,0.0,2.57,-4.13
22,1.11,26.4,Lighting2,Equipment2,0.0,1498.83,0.0,56.19,249.41,226.43,9.35,8.49,27.02,0.0,52.06,48.880001068115234,42.93,118.68,3.29,0.6,0.0,6.71,9.75,6.52,4.34,9.35,8.6,1.79,1.66,0.0,0.0,2.57,-4.13
23,1.11,26.4,Lighting2,Equipment3,0.0,1642.85,0.0,61.59,249.4,251.78,9.35,9.44,29.82,0.0,57.46,49.08000183105469,42.93,125.59,3.29,0.6,0.0,5.75,10.72,6.55,4.26,9.35,13.96,1.79,1.66,0.0,0.0,2.57,-4.13
24,1.11,26.4,Lighting3,Equipment1,0.0,1615.11,0.0,60.55,249.4,247.21,9.35,9.27,29.28,0.0,56.42,49.04999923706055,42.93,124.91,4.91,0.6,0.0,5.93,10.55,6.54,4.3,9.35,11.28,1.79,1.66,0.0,0.0,2.57,-4.13
25,1.11,26.4,Lighting3,Equipment2,0.0,1542.82,0.0,57.84,249.41,234.45,9.35,8.79,27.88,0.0,53.71,48.95000076293945,42.93,122.42,4.91,0.6,0.0,6.41,10.06,6.53,4.34,9.35,8.6,1.79,1.66,0.0,0.0,2.57,-4.13
26,1.11,26.4,Lighting3,Equipment3,0.0,1688.6,0.0,63.3,249.39,260.61,9.35,9.77,30.71,0.0,59.18,49.150001525878906,42.93,127.96,4.91,0.6,0.0,5.49,11.06,6.56,4.26,9.35,13.96,1.79,1.66,0.0,0.0,2.57,-4.13
27,0.78,20.31,Lighting1,Equipment1,0.0,1576.06,0.0,59.08,228.02,260.72,8.55,9.77,28.52,0.0,54.96,49.16999816894531,39.25,128.07,4.1,0.6,0.0,5.49,11.08,6.56,4.3,8.54,11.28,1.79,1.66,0.0,0.0,2.57,-4.13
28,0.78,20.31,Lighting1,Equipment2,0.0,1502.19,0.0,56.31,228.02,247.27,8.55,9.27,27.09,0.0,52.19,49.06999969482422,39.25,127.21,4.1,0.6,0.0,5.95,10.57,6.54,4.33,8.54,8.6,1.79,1.66,0.0,0.0,2.57,-4.13
29,0.78,20.31,Lighting1,Equipment3,0.0,1651.33,0.0,61.91,228.01,274.76,8.55,10.3,29.99,0.0,57.78,49.2599983215332,39.25,128.8,4.1,0.6,0.0,5.07,11.63,6.57,4.27,8.54,13.96,1.79,1.66,0.0,0.0,2.57,-4.13
30,0.78,20.31,Lighting2,Equipment1,0.0,1553.06,0.0,58.22,228.02,256.26,8.55,9.61,28.08,0.0,54.1,49.130001068115234,39.25,127.58,3.29,0.6,0.0,5.63,10.91,6.55,4.3,8.54,11.28,1.79,1.66,0.0,0.0,2.57,-4.13
31,0.78,20.31,Lighting2,Equipment2,0.0,1479.73,0.0,55.47,228.03,242.96,8.55,9.11,26.65,0.0,51.35,49.029998779296875,39.25,125.48,3.29,0.6,0.0,6.09,10.4,6.54,4.33,8.54,8.6,1.79,1.66,0.0,0.0,2.57,-4.13
32,0.78,20.31,Lighting2,Equipment3,0.0,1627.93,0.0,61.03,228.01,270.15,8.55,10.13,29.53,0.0,56.9,49.22999954223633,39.25,128.42,3.29,0.6,0.0,5.19,11.45,6.57,4.27,8.54,13.96,1.79,1.66,0.0,0.0,2.57,-4.13
33,0.78,20.31,Lighting3,Equipment1,0.0,1599.1,0.0,59.95,228.02,265.15,8.55,9.94,28.97,0.0,55.82,49.20000076293945,39.25,128.55,4.91,0.6,0.0,5.36,11.25,6.56,4.3,8.54,11.28,1.79,1.66,0.0,0.0,2.57,-4.13
34,0.78,20.31,Lighting3,Equipment2,0.0,1524.83,0.0,57.16,228.02,251.6,8.55,9.43,27.53,0.0,53.04,49.099998474121094,39.25,127.88,4.91,0.6,0.0,5.81,10.73,6.55,4.33,8.54,8.6,1.79,1.66,0.0,0.0,2.57,-4.13
35,0.78,20.31,Lighting3,Equipment3,0.0,1674.7,0.0,62.78,228.01,279.26,8.55,10.47,30.44,0.0,58.66,49.290000915527344,39.25,129.11,4.91,0.6,0.0,4.94,11.8,6.58,4.28,8.54,13.96,1.79,1.66,0.0,0.0,2.57,-4.13
36,0.78,14.22,Lighting1,Equipment1,0.0,1688.65,0.0,63.3,325.55,296.12,12.2,11.1,30.71,0.0,59.18,49.439998626708984,56.05,129.63,4.1,0.6,0.0,4.53,12.48,6.59,4.31,12.2,11.28,1.79,1.66,0.0,0.0,2.57,-4.13
37,0.78,14.22,Lighting1,Equipment2,0.0,1611.85,0.0,60.43,325.55,281.7,12.2,10.56,29.22,0.0,56.3,49.34000015258789,56.05,129.59,4.1,0.6,0.0,4.92,11.92,6.58,4.33,12.2,8.6,1.79,1.66,0.0,0.0,2.57,-4.13
38,0.78,14.22,Lighting1,Equipment3,0.0,1767.21,0.0,66.25,325.55,311.03,12.2,11.66,32.24,0.0,62.12,49.540000915527344,56.05,129.45,4.1,0.6,0.0,4.16,13.05,6.61,4.31,12.2,13.96,1.79,1.66,0.0,0.0,2.57,-4.13
39,0.78,14.22,Lighting2,Equipment1,0.0,1664.83,0.0,62.41,325.55,291.52,12.2,10.93,30.25,0.0,58.29,49.40999984741211,56.05,129.57,3.29,0.6,0.0,4.64,12.3,6.59,4.31,12.2,11.28,1.79,1.66,0.0,0.0,2.57,-4.13
40,0.78,14.22,Lighting2,Equipment2,0.0,1588.34,0.0,59.54,325.56,277.05,12.2,10.39,28.76,0.0,55.42,49.310001373291016,56.05,129.61,3.29,0.6,0.0,5.05,11.74,6.57,4.33,12.2,8.6,1.79,1.66,0.0,0.0,2.57,-4.13
41,0.78,14.22,Lighting2,Equipment3,0.0,1743.06,0.0,65.34,325.55,306.34,12.2,11.48,31.77,0.0,61.22,49.5,56.05,129.64,3.29,0.6,0.0,4.27,12.87,6.61,4.31,12.2,13.96,1.79,1.66,0.0,0.0,2.57,-4.13
42,0.78,14.22,Lighting3,Equipment1,0.0,1712.77,0.0,64.21,325.55,300.88,12.2,11.28,31.18,0.0,60.08,49.470001220703125,56.05,129.47,4.91,0.6,0.0,4.42,12.66,6.6,4.32,12.2,11.28,1.79,1.66,0.0,0.0,2.57,-4.13
43,0.78,14.22,Lighting3,Equipment2,0.0,1635.28,0.0,61.3,325.55,286.2,12.2,10.73,29.68,0.0,57.18,49.380001068115234,56.05,129.62,4.91,0.6,0.0,4.8,12.1,6.58,4.33,12.2,8.6,1.79,1.66,0.0,0.0,2.57,-4.13
44,0.78,14.22,Lighting3,Equipment3,0.0,1791.67,0.0,67.17,325.55,315.78,12.2,11.84,32.72,0.0,63.04,49.56999969482422,56.05,129.65,4.91,0.6,0.0,4.06,13.23,6.62,4.32,12.2,13.96,1.79,1.66,0.0,0.0,2.57,-4.13
45,0.78,26.4,Lighting1,Equipment1,0.0,1518.56,0.0,56.93,175.29,243.01,6.57,9.11,27.4,0.0,52.8,49.02000045776367,30.17,122.62,4.1,0.6,0.0,6.07,10.39,6.54,4.31,6.57,11.28,1.79,1.66,0.0,0.0,2.57,-4.13
46,0.78,26.4,Lighting1,Equipment2,0.0,1446.77,0.0,54.24,175.3,230.48,6.57,8.64,26.01,0.0,50.11,48.91999816894531,30.17,120.25,4.1,0.6,0.0,6.56,9.9,6.52,4.34,6.57,8.6,1.79,1.66,0.0,0.0,2.57,-4.13
47,0.78,26.4,Lighting1,Equipment3,0.0,1591.49,0.0,59.66,175.28,256.15,6.57,9.6,28.82,0.0,55.54,49.11000061035156,30.17,127.61,4.1,0.6,0.0,5.62,10.89,6.55,4.26,6.57,13.96,1.79,1.66,0.0,0.0,2.57,-4.13
48,0.78,26.4,Lighting2,Equipment1,0.0,1496.32,0.0,56.09,175.29,238.94,6.57,8.96,26.97,0.0,51.97,48.97999954223633,30.17,121.29,3.29,0.6,0.0,6.22,10.23,6.53,4.31,6.57,11.28,1.79,1.66,0.0,0.0,2.57,-4.13
49,0.78,26.4,Lighting2,Equipment2,0.0,1424.72,0.0,53.41,175.3,226.43,6.57,8.49,25.58,0.0,49.29,48.880001068115234,30.17,118.68,3.29,0.6,0.0,6.71,9.75,6.52,4.34,6.57,8.6,1.79,1.66,0.0,0.0,2.57,-4.13
50,0.78,26.4,Lighting2,Equipment3,0.0,1568.74,0.0,58.81,175.29,251.78,6.57,9.44,28.38,0.0,54.68,49.08000183105469,30.17,125.59,3.29,0.6,0.0,5.75,10.72,6.55,4.26,6.57,13.96,1.79,1.66,0.0,0.0,2.57,-4.13
51,0.78,26.4,Lighting3,Equipment1,0.0,1541.0,0.0,57.77,175.29,247.21,6.57,9.27,27.84,0.0,53.64,49.04999923706055,30.17,124.91,4.91,0.6,0.0,5.93,10.55,6.54,4.3,6.57,11.28,1.79,1.66,0.0,0.0,2.57,-4.13
52,0.78,26.4,Lighting3,Equipment2,0.0,1468.71,0.0,55.06,175.29,234.45,6.57,8.79,26.43,0.0,50.93,48.95000076293945,30.17,122.42,4.91,0.6,0.0,6.41,10.06,6.53,4.34,6.57,8.6,1.79,1.66,0.0,0.0,2.57,-4.13
53,0.78,26.4,Lighting3,Equipment3,0.0,1614.49,0.0,60.52,175.28,260.61,6.57,9.77,29.27,0.0,56.4,49.150001525878906,30.17,127.96,4.91,0.6,0.0,5.49,11.06,6.56,4.26,6.57,13.96,1.79,1.66,0.0,0.0,2.57,-4.13
54,1.44,20.31,Lighting1,Equipment1,0.0,1768.92,0.0,66.31,420.88,260.72,15.78,9.77,32.28,0.0,62.19,49.16999816894531,72.47,128.07,4.1,0.6,0.0,5.49,11.08,6.56,4.3,15.77,11.28,1.79,1.66,0.0,0.0,2.57,-4.13
55,1.44,20.31,Lighting1,Equipment2,0.0,1695.05,0.0,63.54,420.88,247.27,15.78,9.27,30.84,0.0,59.42,49.06999969482422,72.47,127.21,4.1,0.6,0.0,5.95,10.57,6.54,4.33,15.77,8.6,1.79,1.66,0.0,0.0,2.57,-4.13
56,1.44,20.31,Lighting1,Equipment3,0.0,1844.19,0.0,69.14,420.87,274.76,15.78,10.3,33.74,0.0,65.01,49.2599983215332,72.47,128.8,4.1,0.6,0.0,5.07,11.63,6.57,4.27,15.77,13.96,1.79,1.66,0.0,0.0,2.57,-4.13
57,1.44,20.31,Lighting2,Equipment1,0.0,1745.92,0.0,65.45,420.88,256.26,15.78,9.61,31.83,0.0,61.33,49.130001068115234,72.47,127.58,3.29,0.6,0.0,5.63,10.91,6.55,4.3,15.77,11.28,1.79,1.66,0.0,0.0,2.57,-4.13
58,1.44,20.31,Lighting2,Equipment2,0.0,1672.59,0.0,62.7,420.89,242.96,15.78,9.11,30.4,0.0,58.58,49.029998779296875,72.47,125.48,3.29,0.6,0.0,6.09,10.4,6.54,4.33,15.77,8.6,1.79,1.66,0.0,0.0,2.57,-4.13
59,1.44,20.31,Lighting2,Equipment3,0.0,1820.8,0.0,68.26,420.88,270.15,15.78,10.13,33.29,0.0,64.13,49.22999954223633,72.47,128.42,3.29,0.6,0.0,5.19,11.45,6.57,4.27,15.77,13.96,1.79,1.66,0.0,0.0,2.57,-4.13
60,1.44,20.31,Lighting3,Equipment1,0.0,1791.96,0.0,67.18,420.88,265.15,15.78,9.94,32.72,0.0,63.05,49.20000076293945,72.47,128.55,4.91,0.6,0.0,5.36,11.25,6.56,4.3,15.77,11.28,1.79,1.66,0.0,0.0,2.57,-4.13
61,1.44,20.31,Lighting3,Equipment2,0.0,1717.69,0.0,64.39,420.88,251.6,15.78,9.43,31.28,0.0,60.27,49.099998474121094,72.47,127.88,4.91,0.6,0.0,5.81,10.73,6.55,4.33,15.77,8.6,1.79,1.66,0.0,0.0,2.57,-4.13
62,1.44,20.31,Lighting3,Equipment3,0.0,1867.56,0.0,70.01,420.87,279.26,15.78,10.47,34.2,0.0,65.89,49.290000915527344,72.47,129.11,4.91,0.6,0.0,4.94,11.8,6.58,4.28,15.77,13.96,1.79,1.66,0.0,0.0,2.57,-4.13
63,1.44,14.22,Lighting1,Equipment1,0.0,1964.07,0.0,73.63,600.97,296.12,22.53,11.1,36.07,0.0,69.5,49.439998626708984,103.49,129.63,4.1,0.6,0.0,4.53,12.48,6.59,4.31,22.53,11.28,1.79,1.66,0.0,0.0,2.57,-4.13
64,1.44,14.22,Lighting1,Equipment2,0.0,1887.27,0.0,70.75,600.97,281.7,22.53,10.56,34.58,0.0,66.63,49.34000015258789,103.49,129.59,4.1,0.6,0.0,4.92,11.92,6.58,4.33,22.53,8.6,1.79,1.66,0.0,0.0,2.57,-4.13
65,1.44,14.22,Lighting1,Equipment3,0.0,2042.63,0.0,76.58,600.97,311.03,22.53,11.66,37.6,0.0,72.45,49.540000915527344,103.49,129.45,4.1,0.6,0.0,4.16,13.05,6.61,4.31,22.53,13.96,1.79,1.66,0.0,0.0,2.57,-4.13
66,1.44,14.22,Lighting2,Equipment1,0.0,1940.25,0.0,72.74,600.97,291.52,22.53,10.93,35.61,0.0,68.61,49.40999984741211,103.49,129.57,3.29,0.6,0.0,4.64,12.3,6.59,4.31,22.53,11.28,1.79,1.66,0.0,0.0,2.57,-4.13
67,1.44,14.22,Lighting2,Equipment2,0.0,1863.76,0.0,69.87,600.97,277.05,22.53,10.39,34.12,0.0,65.74,49.310001373291016,103.49,129.61,3.29,0.6,0.0,5.05,11.74,6.57,4.33,22.53,8.6,1.79,1.66,0.0,0.0,2.57,-4.13
68,1.44,14.22,Lighting2,Equipment3,0.0,2018.47,0.0,75.67,600.97,306.34,22.53,11.48,37.13,0.0,71.54,49.5,103.49,129.64,3.29,0.6,0.0,4.27,12.87,6.61,4.31,22.53,13.96,1.79,1.66,0.0,0.0,2.57,-4.13
69,1.44,14.22,Lighting3,Equipment1,0.0,1988.19,0.0,74.53,600.97,300.88,22.53,11.28,36.54,0.0,70.41,49.470001220703125,103.49,129.47,4.91,0.6,0.0,4.42,12.66,6.6,4.32,22.53,11.28,1.79,1.66,0.0,0.0,2.57,-4.13
70,1.44,14.22,Lighting3,Equipment2,0.0,1910.7,0.0,71.63,600.97,286.2,22.53,10.73,35.03,0.0,67.5,49.380001068115234,103.49,129.62,4.91,0.6,0.0,4.8,12.1,6.58,4.33,22.53,8.6,1.79,1.66,0.0,0.0,2.57,-4.13
71,1.44,14.22,Lighting3,Equipment3,0.0,2067.09,0.0,77.49,600.97,315.78,22.53,11.84,38.08,0.0,73.37,49.56999969482422,103.49,129.65,4.91,0.6,0.0,4.06,13.23,6.62,4.32,22.53,13.96,1.79,1.66,0.0,0.0,2.57,-4.13
72,1.44,26.4,Lighting1,Equipment1,0.0,1666.78,0.0,62.48,323.51,243.01,12.13,9.11,30.29,0.0,58.36,49.02000045776367,55.69,122.62,4.1,0.6,0.0,6.07,10.39,6.54,4.31,12.12,11.28,1.79,1.66,0.0,0.0,2.57,-4.13
73,1.44,26.4,Lighting1,Equipment2,0.0,1594.99,0.0,59.79,323.52,230.48,12.13,8.64,28.89,0.0,55.67,48.91999816894531,55.69,120.25,4.1,0.6,0.0,6.56,9.9,6.52,4.34,12.12,8.6,1.79,1.66,0.0,0.0,2.57,-4.13
74,1.44,26.4,Lighting1,Equipment3,0.0,1739.72,0.0,65.22,323.51,256.15,12.13,9.6,31.71,0.0,61.09,49.11000061035156,55.69,127.61,4.1,0.6,0.0,5.62,10.89,6.55,4.26,12.12,13.96,1.79,1.66,0.0,0.0,2.57,-4.13
75,1.44,26.4,Lighting2,Equipment1,0.0,1644.54,0.0,61.65,323.52,238.94,12.13,8.96,29.86,0.0,57.53,48.97999954223633,55.69,121.29,3.29,0.6,0.0,6.22,10.23,6.53,4.31,12.12,11.28,1.79,1.66,0.0,0.0,2.57,-4.13
76,1.44,26.4,Lighting2,Equipment2,0.0,1572.95,0.0,58.97,323.52,226.43,12.13,8.49,28.46,0.0,54.84,48.880001068115234,55.69,118.68,3.29,0.6,0.0,6.71,9.75,6.52,4.34,12.12,8.6,1.79,1.66,0.0,0.0,2.57,-4.13
77,1.44,26.4,Lighting2,Equipment3,0.0,1716.96,0.0,64.37,323.51,251.78,12.13,9.44,31.27,0.0,60.24,49.08000183105469,55.69,125.59,3.29,0.6,0.0,5.75,10.72,6.55,4.26,12.12,13.96,1.79,1.66,0.0,0.0,2.57,-4.13
78,1.44,26.4,Lighting3,Equipment1,0.0,1689.23,0.0,63.33,323.51,247.21,12.13,9.27,30.73,0.0,59.2,49.04999923706055,55.69,124.91,4.91,0.6,0.0,5.93,10.55,6.54,4.3,12.12,11.28,1.79,1.66,0.0,0.0,2.57,-4.13
79,1.44,26.4,Lighting3,Equipment2,0.0,1616.94,0.0,60.62,323.52,234.45,12.13,8.79,29.32,0.0,56.49,48.95000076293945,55.69,122.42,4.91,0.6,0.0,6.41,10.06,6.53,4.34,12.12,8.6,1.79,1.66,0.0,0.0,2.57,-4.13
80,1.44,26.4,Lighting3,Equipment3,0.0,1762.71,0.0,66.08,323.51,260.61,12.13,9.77,32.16,0.0,61.96,49.150001525878906,55.69,127.96,4.91,0.6,0.0,5.49,11.06,6.56,4.26,12.12,13.96,1.79,1.66,0.0,0.0,2.57,-4.13
